Genus	STROMAEQ.1	STROMAEQ.10	STROMAEQ.100	STROMAEQ.11	STROMAEQ.12	STROMAEQ.13	STROMAEQ.14	STROMAEQ.15	STROMAEQ.16	STROMAEQ.17	STROMAEQ.18	STROMAEQ.19	STROMAEQ.2	STROMAEQ.20	STROMAEQ.21	STROMAEQ.22	STROMAEQ.23	STROMAEQ.24	STROMAEQ.25	STROMAEQ.26	STROMAEQ.27	STROMAEQ.28	STROMAEQ.29	STROMAEQ.3	STROMAEQ.30	STROMAEQ.31	STROMAEQ.32	STROMAEQ.33	STROMAEQ.34	STROMAEQ.35	STROMAEQ.36	STROMAEQ.37	STROMAEQ.38	STROMAEQ.39	STROMAEQ.4	STROMAEQ.40	STROMAEQ.41	STROMAEQ.42	STROMAEQ.43	STROMAEQ.44	STROMAEQ.45	STROMAEQ.46	STROMAEQ.47	STROMAEQ.48	STROMAEQ.49	STROMAEQ.5	STROMAEQ.50	STROMAEQ.51	STROMAEQ.52	STROMAEQ.53	STROMAEQ.54	STROMAEQ.55	STROMAEQ.56	STROMAEQ.57	STROMAEQ.58	STROMAEQ.59	STROMAEQ.6	STROMAEQ.60	STROMAEQ.61	STROMAEQ.62	STROMAEQ.63	STROMAEQ.64	STROMAEQ.65	STROMAEQ.66	STROMAEQ.67	STROMAEQ.68	STROMAEQ.69	STROMAEQ.7	STROMAEQ.70	STROMAEQ.71	STROMAEQ.72	STROMAEQ.73	STROMAEQ.74	STROMAEQ.75	STROMAEQ.76	STROMAEQ.77	STROMAEQ.78	STROMAEQ.79	STROMAEQ.8	STROMAEQ.80	STROMAEQ.81	STROMAEQ.82	STROMAEQ.83	STROMAEQ.84	STROMAEQ.85	STROMAEQ.86	STROMAEQ.87	STROMAEQ.88	STROMAEQ.89	STROMAEQ.9	STROMAEQ.90	STROMAEQ.91	STROMAEQ.92	STROMAEQ.93	STROMAEQ.94	STROMAEQ.95	STROMAEQ.96	STROMAEQ.97	STROMAEQ.98	STROMAEQ.99
 Stenotrophomonas	0	0	0	4	4	4	0	0	0	0	0	0	0	0	0	0	0	0	0	0	0	0	0	10	0	0	0	0	0	0	0	0	0	0	5	0	0	2	6	0	0	0	0	0	0	0	0	0	0	0	0	0	0	0	0	0	0	0	0	0	0	0	0	0	0	0	0	0	0	0	0	0	0	0	0	0	0	0	0	0	0	0	0	0	0	0	0	0	0	2	0	0	0	0	0	0	0	0	0	0
 Thermobacillus	0	0	0	6	0	8	0	0	0	0	0	0	0	0	0	0	0	0	0	0	0	0	0	0	0	0	0	0	0	0	0	0	0	0	0	0	0	0	0	0	0	0	0	0	0	0	0	0	0	0	0	0	0	0	0	0	13	0	0	0	0	0	0	0	0	0	0	0	0	0	0	0	0	0	0	0	0	0	0	0	0	0	0	0	0	0	0	0	0	0	0	0	0	0	0	0	0	0	0	0
 Anaerobiospirillum	0	0	0	0	0	0	0	0	0	0	0	2	0	0	0	0	0	0	0	0	0	3	2	0	0	0	0	0	0	0	0	0	0	0	0	0	0	3	0	3	0	0	3	0	0	0	0	0	0	0	0	0	0	0	0	0	0	0	0	0	0	0	0	0	0	0	0	0	0	0	0	0	0	0	0	0	0	0	0	0	4	0	0	3	0	0	0	0	0	0	0	0	0	0	0	0	0	0	0	0
 Leptotrichia	0	0	0	0	0	0	0	0	0	0	0	0	0	0	0	0	0	0	0	0	0	0	0	0	0	5	3	0	0	0	0	0	0	0	0	0	0	0	0	0	0	0	0	0	0	0	0	0	0	0	3	0	0	0	0	0	0	0	0	0	0	0	0	0	0	0	0	0	0	0	0	0	0	0	0	0	0	0	0	0	0	0	0	0	0	0	0	0	0	0	0	0	0	3	0	0	0	0	0	0
 PW3	0	0	0	0	22	6	0	0	0	0	0	0	0	0	0	0	0	0	0	0	0	0	2	0	0	0	26	11	3	0	0	0	0	0	0	10	0	0	10	0	0	0	0	37	16	0	0	0	2	0	6	0	4	3	0	8	27	0	0	15	0	7	25	0	0	0	0	0	8	2	0	8	17	0	0	0	19	6	0	4	3	0	0	0	0	0	3	9	0	0	0	6	0	0	3	0	0	0	0	0
 Mogibacterium	29	10	14	32	27	35	39	42	0	55	0	18	59	20	26	14	26	20	44	13	70	15	73	35	25	30	78	26	58	79	44	61	34	31	31	175	43	42	124	27	25	33	20	294	36	33	48	28	0	37	70	39	10	0	0	26	66	19	6	34	22	50	101	14	77	86	28	0	122	60	27	6	59	80	13	81	75	110	10	42	45	27	21	23	17	13	76	88	89	10	0	38	25	58	18	75	76	35	22	30
 RFN20	0	0	0	0	0	0	0	3	7	0	7	0	0	6	0	3	0	0	0	4	0	0	35	0	0	0	0	0	0	0	0	0	0	0	0	0	0	0	29	0	0	0	0	25	14	0	0	0	5	0	19	0	0	0	0	4	0	0	0	0	8	0	14	0	0	0	0	0	0	0	0	0	0	0	0	3	0	0	0	4	0	0	0	0	0	3	0	0	0	0	0	0	0	0	0	0	0	0	0	0
 Butyrivibrio	0	0	0	0	0	0	0	0	0	0	0	0	0	0	0	0	0	0	0	0	0	0	0	0	0	0	0	0	0	0	0	0	0	0	0	0	0	0	0	0	0	0	0	0	0	0	0	0	0	0	0	0	0	0	0	0	0	0	0	0	0	0	0	0	0	0	0	0	0	0	0	0	0	0	0	0	0	0	0	0	0	0	0	0	0	21	0	0	0	0	0	0	0	0	0	27	0	5	0	0
 Pseudobutyrivibrio	55	107	26	138	228	115	34	79	76	27	70	75	40	104	138	140	176	83	91	117	139	120	117	72	110	157	199	65	163	110	215	182	98	132	238	221	208	196	213	172	201	63	65	84	112	56	59	82	119	192	336	124	43	53	27	103	71	77	0	0	124	86	138	85	87	87	125	26	188	56	49	175	54	152	54	184	80	41	42	55	74	29	30	51	47	130	78	43	133	44	0	47	43	172	38	110	122	30	37	148
 Oscillospira	287	159	158	378	400	259	379	166	677	466	278	85	395	205	297	172	144	115	133	147	293	137	312	187	162	217	405	245	365	497	798	493	125	86	280	845	282	501	918	292	208	166	99	1085	321	152	513	338	358	498	625	327	212	132	8	284	525	163	166	509	354	498	757	255	353	959	194	83	1986	643	251	1055	572	503	728	866	732	413	98	411	484	331	585	252	346	1654	587	901	801	24	356	630	279	930	607	1259	1454	375	620	1259
 Thermoactinomyces	0	0	0	0	0	0	0	0	0	0	0	0	0	0	0	0	0	0	0	0	0	0	0	0	0	0	0	0	0	0	0	0	0	0	0	0	0	0	0	0	0	0	0	0	0	0	0	0	0	0	0	0	0	0	0	0	13	0	0	0	0	0	0	0	0	0	0	2	0	0	0	0	0	0	0	0	0	0	0	0	0	0	0	0	0	0	0	0	0	0	0	0	0	0	0	0	0	0	0	0
 Campylobacter	0	0	11	3	8	0	3	0	0	0	0	0	4	0	0	0	0	0	8	0	12	11	42	0	0	3	55	0	29	9	34	30	14	0	0	56	0	0	0	0	0	5	0	7	0	0	5	0	0	0	0	0	0	3	0	0	8	0	6	25	20	42	50	4	44	10	64	0	173	12	14	73	37	25	9	24	49	45	0	28	19	10	34	7	29	37	77	88	40	0	17	68	14	47	27	96	102	79	0	114
 Shuttleworthia	8	8	0	31	24	14	4	14	0	18	16	18	14	15	0	0	17	0	12	16	0	0	0	30	0	0	25	0	24	0	26	42	0	17	35	0	17	28	21	20	20	0	0	0	0	9	0	9	19	26	16	0	0	0	0	0	18	0	0	0	0	0	18	0	0	0	0	4	9	0	0	0	0	26	0	0	0	0	12	0	0	0	0	0	0	0	0	0	0	19	0	0	0	0	0	0	0	0	0	0
 Solibacillus	12	19	0	154	57	115	19	0	0	0	143	0	30	35	0	0	0	0	0	0	0	0	0	296	0	0	0	0	0	0	0	0	0	0	63	0	0	0	0	0	0	0	0	0	0	168	0	0	0	0	0	0	0	0	0	0	102	0	0	0	0	0	0	0	0	0	0	62	0	0	0	0	0	0	0	0	0	0	22	0	0	0	0	0	0	0	0	0	0	55	0	0	0	0	0	0	0	0	0	0
 Streptococcus	141	574	0	114	331	222	300	165	176	335	48	102	159	36	0	0	0	0	0	0	0	0	0	102	0	0	13	0	0	0	8	10	0	0	547	35	0	0	0	0	0	0	0	0	0	216	0	0	0	0	0	6	0	0	0	0	353	0	7	0	0	0	8	0	0	0	0	107	0	0	0	0	0	0	0	0	0	0	207	0	0	0	0	0	0	0	12	0	0	194	0	0	0	0	0	5	0	0	0	0
 Ruminococcus	1040	1016	107	2279	1395	1740	1055	2950	1969	2454	730	1021	855	1548	1683	1709	2532	1376	1456	1938	1660	1967	1692	1022	902	1468	2138	765	1988	2047	2541	2907	1869	1482	1786	2710	3523	5071	5437	3378	3214	1919	1769	3878	3017	599	1587	2238	2561	4010	5981	1464	872	1630	927	1783	810	1224	491	499	1202	956	1171	706	698	1365	950	548	1629	1900	643	1097	1321	1223	908	2612	1492	538	526	705	639	107	358	250	498	2592	1201	779	919	654	317	319	277	534	678	636	1682	625	750	2592
 Sutterella	0	2	0	0	0	0	2	0	0	0	0	0	0	0	7	0	9	0	7	8	21	6	22	0	9	5	12	0	18	13	77	18	14	0	8	28	1	13	40	10	2	7	14	0	19	0	19	2	0	11	12	11	8	14	0	0	0	0	0	16	4	8	26	0	10	24	18	3	35	7	0	19	0	9	21	15	10	10	0	0	0	7	3	5	16	14	21	16	34	0	0	13	3	15	0	37	31	7	7	16
 Arthrobacter	0	0	0	0	0	0	0	0	0	0	0	0	0	0	0	0	0	0	0	0	0	0	5	0	0	0	0	0	0	5	0	0	0	6	0	6	0	0	0	0	6	0	6	0	0	0	0	0	0	10	0	0	0	0	0	0	0	0	0	0	0	0	0	0	0	0	0	0	0	0	0	0	0	0	0	0	0	0	0	0	0	0	0	0	0	0	0	0	0	0	0	0	0	0	0	0	0	0	0	4
 Dorea	19	0	0	0	0	0	0	0	0	0	21	0	16	0	29	0	0	0	0	0	0	5	7	0	11	0	10	0	17	0	16	0	5	0	0	31	0	20	18	0	0	0	0	0	0	0	0	16	0	0	24	0	0	0	0	13	13	14	0	0	22	15	17	24	12	51	0	0	20	0	0	32	17	32	43	59	23	26	14	68	7	12	0	19	12	65	0	74	173	0	12	23	0	11	12	100	33	26	10	139
 Oxalobacter	0	0	0	0	0	0	0	0	0	0	0	0	0	0	0	0	0	0	0	0	0	0	0	0	0	0	0	0	0	0	0	0	0	0	0	4	0	0	0	0	0	0	0	0	0	0	0	0	0	0	0	0	0	0	0	0	0	0	0	0	6	0	0	0	0	0	0	0	0	0	0	0	0	0	0	0	0	0	0	0	0	0	0	0	0	0	0	0	0	0	0	0	0	0	0	0	0	0	0	4
 Thermovum	0	0	0	33	95	31	0	5	15	0	35	0	20	0	0	0	0	0	0	0	0	0	0	19	0	0	0	0	0	0	0	0	0	0	26	0	0	0	0	0	0	0	0	0	0	64	0	0	0	0	0	0	0	0	0	0	97	0	0	0	0	0	0	0	0	0	0	24	0	0	0	0	0	0	0	0	0	0	0	0	0	0	0	0	0	0	0	0	0	5	0	0	0	0	0	0	0	0	0	0
 Anaerovibrio	0	33	3	21	34	9	0	9	7	10	30	14	10	18	30	113	100	99	48	58	56	26	96	17	63	99	143	0	65	64	235	134	60	104	80	50	117	97	131	31	36	11	0	63	58	0	47	24	97	85	137	73	0	48	8	44	16	36	6	19	46	22	18	7	15	18	67	0	152	19	6	11	18	8	10	57	24	16	6	16	0	38	9	40	31	149	29	49	81	5	20	12	17	101	32	77	72	38	37	59
 YRC22	204	257	105	375	417	387	106	383	142	311	250	183	305	122	955	1394	1245	468	550	1094	786	730	668	207	427	588	1136	433	726	742	1027	1364	983	506	535	861	1318	2609	1740	1316	843	817	535	1166	1009	244	735	659	963	1913	2190	784	255	1011	178	530	501	459	239	494	986	589	598	655	625	629	551	223	1231	460	318	1446	631	699	686	932	1047	366	153	610	498	628	695	561	1281	1363	689	1930	1126	133	655	655	424	1201	584	2212	2157	812	488	3046
 Lachnospira	0	0	0	0	0	0	0	0	0	0	0	0	0	0	0	0	0	0	0	0	0	0	0	0	0	0	0	0	10	0	0	0	0	0	0	0	0	20	0	0	0	0	0	5	0	0	0	0	0	0	0	0	0	0	0	0	0	0	0	0	0	0	0	0	0	0	0	0	0	0	0	0	0	0	0	14	0	0	0	0	0	0	0	0	0	0	6	0	0	0	0	0	0	0	0	0	0	0	0	0
 BF311	526	303	58	1623	1217	1250	2234	70	148	494	538	488	636	788	165	90	122	0	215	205	208	195	641	814	105	147	177	288	325	417	770	823	218	141	707	528	331	390	494	310	149	312	240	1003	395	396	104	201	270	337	387	220	34	349	71	238	1193	210	110	282	327	563	614	99	425	690	274	231	1549	401	262	423	481	617	79	456	809	753	153	251	121	7	118	15	0	75	274	701	172	272	94	177	56	119	86	374	104	27	45	38
 Adlercreutzia	62	53	0	102	56	66	122	67	102	177	108	44	45	34	91	62	79	36	28	27	50	64	8	77	35	0	51	23	83	0	77	73	93	66	91	103	88	118	123	71	59	61	53	76	49	0	31	47	64	56	141	44	13	38	21	51	61	27	20	24	42	36	77	25	94	92	27	24	133	65	27	62	89	71	117	129	119	36	36	75	58	36	6	28	62	143	94	79	149	42	38	75	0	128	66	145	103	31	76	275
 Corynebacterium	0	0	0	19	0	12	0	8	12	0	17	0	0	0	0	0	0	0	0	0	0	0	0	14	0	0	0	0	0	0	0	0	0	0	17	0	0	0	0	0	0	0	0	0	0	15	0	0	0	0	0	0	0	0	0	0	31	0	0	0	0	0	0	0	0	0	0	8	0	0	0	0	0	0	0	0	0	0	0	0	0	0	0	0	0	0	0	0	0	0	0	0	0	0	0	0	0	0	0	0
 Brochothrix	0	0	0	0	0	0	0	0	0	13	0	0	0	6	0	0	0	0	0	0	0	0	0	0	0	0	0	0	0	0	0	0	0	0	0	0	0	0	9	0	0	0	0	0	0	0	0	0	4	8	0	0	0	0	0	0	0	0	0	0	0	0	0	0	5	0	0	0	0	0	0	0	0	7	0	6	4	0	0	0	0	0	0	0	0	0	0	0	0	0	0	0	0	0	0	0	0	0	0	0
 Cellulosimicrobium	0	0	0	0	0	0	0	0	0	0	0	0	5	0	0	0	0	0	0	0	0	0	0	0	0	0	0	0	0	0	0	0	0	0	6	0	0	0	0	0	0	0	0	0	0	0	0	0	0	0	0	0	0	0	0	0	7	0	0	0	0	0	0	0	0	0	0	0	0	0	0	0	0	0	0	0	0	0	0	0	0	0	0	0	0	0	0	0	0	0	0	0	0	0	0	0	0	0	0	0
 Mycobacterium	0	0	0	22	14	18	0	0	0	0	14	0	0	0	0	0	0	0	0	0	0	0	0	21	0	0	0	0	0	0	0	0	0	0	22	0	0	0	0	0	0	0	0	0	0	15	0	0	0	0	5	0	0	0	0	0	20	0	0	0	0	0	8	0	0	0	12	0	0	0	0	0	9	11	0	12	0	0	10	0	0	0	0	0	0	0	0	0	0	0	0	0	0	0	0	0	0	0	0	0
 cc_115	0	0	0	0	0	0	0	0	0	0	0	0	0	0	0	0	0	0	0	0	0	0	0	0	0	0	0	0	0	0	0	0	0	0	0	0	0	0	0	0	0	0	0	0	0	0	5	0	0	0	0	0	0	0	0	0	0	0	2	0	0	0	0	0	0	0	0	0	0	0	0	0	0	0	0	0	0	0	0	0	0	0	0	0	0	0	0	0	0	0	0	0	0	0	0	0	0	0	0	0
 Lactobacillus	0	31	16	0	14	0	3	0	4	12	0	0	10	3	5	21	0	9	66	15	27	43	64	4	18	41	10	10	15	0	10	0	14	0	4	36	0	29	0	0	24	0	0	53	34	0	0	19	29	0	83	0	0	0	0	0	25	0	0	3	0	4	11	10	38	70	29	9	0	20	0	65	0	13	27	21	23	14	0	67	31	24	6	20	65	147	135	79	207	24	51	32	8	105	37	65	47	102	45	56
 Prevotella	384	678	189	1152	901	883	378	563	598	816	785	671	827	465	2015	2692	2815	1294	1381	2388	2001	1601	1895	1191	1155	1219	2216	953	2223	1339	4566	1871	1898	1601	1500	2246	2829	4992	3440	2699	2063	1665	1364	2182	1818	490	1505	1531	2141	2572	4071	1256	439	829	388	1197	915	817	551	1183	2420	1995	1946	1579	1239	1017	1164	464	3355	1244	1180	2430	879	1606	1012	1844	2393	906	372	1145	421	1331	996	1902	2441	3715	1277	2537	2986	464	1311	592	916	2474	1414	4279	2641	955	1567	5837
 Aeromicrobium	0	0	0	0	13	0	0	0	0	0	0	0	0	0	0	0	0	0	0	0	0	0	0	0	0	0	0	0	0	0	0	0	0	0	0	0	0	0	0	0	0	0	0	0	0	16	0	0	0	0	0	0	0	0	0	0	16	0	0	0	0	0	0	0	0	0	0	0	0	0	0	0	0	0	0	0	0	0	0	0	0	0	0	0	0	0	0	0	0	0	0	0	0	0	0	0	0	0	0	0
 Actinobacillus	0	0	0	0	0	0	0	0	0	0	0	0	0	0	0	2	0	0	0	0	0	0	0	0	0	0	0	0	0	0	0	0	0	0	0	0	0	0	0	0	0	0	0	0	0	0	0	0	0	0	0	0	0	0	0	0	0	0	0	0	0	0	0	0	0	0	0	0	0	0	0	5	0	0	0	0	0	0	0	0	0	0	0	0	0	0	0	0	0	0	0	0	0	0	0	0	0	0	0	0
 Luteimonas	0	0	0	6	15	0	0	0	4	0	0	0	0	0	0	0	0	0	0	0	0	0	0	0	0	0	0	0	0	0	0	0	0	0	0	0	0	0	0	0	0	0	0	0	0	4	0	0	0	0	0	0	0	0	0	0	0	0	0	0	0	0	0	0	0	0	0	6	0	0	0	0	0	0	0	0	0	0	0	0	0	0	0	0	0	0	0	0	0	0	0	0	0	0	0	0	0	0	0	0
 Chelatococcus	0	0	0	8	24	7	0	0	5	0	3	0	6	0	0	0	0	0	0	0	0	0	0	0	0	0	0	0	0	0	0	0	0	0	0	0	0	0	0	0	0	0	0	0	0	0	0	0	0	0	0	0	0	0	0	0	32	0	0	0	0	0	0	0	0	0	0	6	0	0	0	0	0	0	0	0	0	0	0	0	0	0	0	0	0	0	0	0	0	0	0	0	0	0	0	0	0	0	0	0
 Aggregatibacter	0	0	2	0	0	0	0	0	0	0	0	0	0	0	0	0	0	0	0	0	0	0	0	0	0	0	0	0	0	0	0	0	0	0	0	0	2	0	0	0	0	0	0	0	0	0	0	0	0	3	0	0	0	0	0	0	0	0	0	0	0	0	0	0	0	0	0	0	0	0	0	0	0	0	0	4	0	0	0	0	0	0	0	0	0	0	0	3	0	0	0	0	0	4	0	0	0	0	0	0
 Coprococcus	665	934	83	1305	682	827	604	966	730	1011	1005	440	648	567	600	553	559	329	293	488	601	426	248	880	240	305	337	189	615	427	637	945	737	328	1438	1024	762	1256	1417	893	669	475	314	1083	379	351	301	446	449	1073	1760	343	254	290	198	455	657	273	79	152	477	212	269	163	259	404	204	300	642	323	53	333	244	281	485	575	465	146	404	401	128	99	141	169	293	1241	329	195	707	360	115	255	112	442	145	494	576	233	228	1178
 Rahnella	0	0	0	0	0	0	0	0	0	0	0	0	0	0	0	0	0	0	0	0	0	0	0	0	0	0	0	0	0	0	0	0	0	0	0	0	0	0	0	0	0	0	0	0	0	0	0	2	0	6	0	0	0	0	0	0	0	0	0	0	0	0	0	0	0	0	0	0	0	0	0	0	0	0	0	0	0	0	0	0	0	0	0	0	0	0	0	0	0	0	0	0	0	0	0	0	0	0	0	0
 rc4-4	19	0	0	25	9	11	0	12	0	48	14	0	14	10	10	23	14	4	12	16	19	11	0	0	12	9	20	0	21	0	11	13	11	6	19	40	8	42	13	19	0	31	6	37	0	0	0	8	0	30	38	10	4	0	0	7	11	13	0	6	25	6	28	25	18	14	14	11	13	12	0	14	14	15	23	37	28	0	0	23	10	11	0	6	46	51	19	12	18	0	11	17	9	32	0	81	26	44	12	83
 Dehalobacterium	17	0	0	6	4	0	8	6	10	14	8	0	0	0	0	0	0	0	0	0	0	0	0	0	0	0	7	0	0	0	7	0	0	0	0	8	5	0	0	0	0	5	0	0	0	0	0	0	2	5	0	0	0	0	0	0	0	0	0	0	0	0	0	0	0	21	0	0	9	0	0	8	0	0	0	12	0	0	2	0	0	0	0	0	0	0	0	14	0	0	0	0	2	0	0	0	0	0	0	0
 Weissella	30	8	0	80	21	86	85	21	12	10	59	14	23	20	0	0	0	0	0	0	0	0	0	78	0	0	0	0	0	0	0	0	0	0	63	0	0	0	0	0	0	0	0	0	0	36	0	0	0	0	0	0	0	0	0	0	46	0	0	0	0	0	0	0	0	0	0	24	0	0	0	0	0	0	0	0	0	0	26	0	0	0	0	0	0	0	0	0	0	50	0	0	0	0	0	0	0	0	0	0
 Saccharomonospora	0	0	0	9	0	9	0	0	0	0	0	0	0	0	0	0	0	0	0	0	0	0	0	0	0	0	0	0	0	0	0	0	0	0	0	0	0	0	0	0	0	0	0	0	0	0	0	0	0	0	0	0	0	0	0	0	13	0	0	0	0	0	0	0	0	0	0	0	0	0	0	0	0	0	0	0	0	0	0	0	0	0	0	0	0	0	0	0	0	0	0	0	0	0	0	0	0	0	0	0
 Desulfovibrio	21	0	17	95	48	74	32	0	57	47	19	41	21	42	19	21	54	0	34	34	37	27	42	34	41	53	76	48	70	79	129	126	31	0	46	50	81	108	130	103	49	44	31	126	60	31	51	63	78	140	180	55	0	51	20	0	77	43	0	0	52	136	189	37	96	37	133	18	142	64	49	153	58	101	61	186	55	134	16	108	40	25	41	88	148	113	116	29	362	43	53	37	88	145	43	100	130	102	52	498
 p-75-a5	0	0	0	0	0	0	0	0	0	0	0	0	0	0	0	0	0	0	0	0	0	0	0	0	0	0	0	0	0	0	0	0	0	0	0	0	0	0	0	12	0	0	0	0	0	0	0	0	0	0	0	0	0	0	0	0	0	0	0	0	0	0	0	0	0	0	0	0	0	0	0	2	0	0	0	0	0	0	0	0	0	0	0	0	0	0	0	0	0	0	0	0	0	0	0	0	0	0	0	0
 Fibrobacter	3058	1361	210	7790	6347	5861	4113	6197	3779	7092	3506	3578	1829	2204	1218	2166	2356	1261	1570	1703	1722	1920	1014	3293	694	1101	1756	838	1463	1029	1741	2669	2123	950	4390	2418	1876	3119	3351	2771	2026	811	1251	2595	2347	1510	756	846	1481	2549	3156	877	906	1726	660	1144	1148	791	293	1016	1619	1785	2030	1056	748	929	1188	611	1846	1309	1037	1561	795	948	941	2986	941	825	1275	1001	211	621	459	1011	1542	2185	892	2383	1977	1722	767	813	681	1375	762	1691	2110	538	420	2437
 Clostridium	337	734	11	866	1231	715	307	642	527	423	777	484	392	509	184	344	389	282	294	329	199	376	250	907	150	233	283	148	307	327	609	584	489	309	1302	789	453	807	867	781	597	341	221	932	624	311	364	391	476	716	1373	217	235	445	100	316	440	242	40	81	253	142	112	73	227	168	176	319	956	196	72	167	147	194	322	465	266	109	300	144	75	9	15	43	54	236	91	265	207	315	132	92	42	77	40	54	195	83	28	329
 Gemmiger	0	0	0	0	0	0	0	0	0	0	0	0	0	0	0	0	0	0	0	0	0	0	0	0	0	0	0	0	0	0	0	0	0	5	0	0	0	0	0	0	0	0	0	0	0	0	0	0	0	0	0	0	0	5	0	0	0	0	0	0	0	3	0	0	0	0	0	0	0	0	0	0	0	0	0	0	0	0	0	0	0	0	0	0	0	0	0	0	0	0	0	0	0	0	0	0	0	0	0	0
 [Ruminococcus]	8	7	0	0	9	0	7	0	5	0	0	0	0	0	0	10	0	0	0	15	23	0	0	0	0	0	0	0	10	0	0	0	0	0	0	12	0	0	0	0	0	0	0	0	0	0	0	0	0	19	0	0	0	0	0	0	0	0	0	0	7	0	0	0	0	0	0	0	0	0	0	0	0	0	0	0	0	0	0	0	0	0	0	0	0	0	0	0	0	0	0	0	0	0	0	0	0	10	0	0
 Desulfurispora	0	0	0	0	0	0	0	0	0	0	0	0	0	0	0	0	0	0	0	0	0	0	0	0	0	0	5	0	0	0	0	0	0	0	0	0	0	0	0	0	0	0	0	0	0	0	0	0	0	0	0	0	0	2	0	0	0	0	0	0	0	0	0	0	0	0	0	0	0	0	0	0	0	0	0	0	0	0	0	0	0	0	0	0	0	0	0	0	0	0	0	0	0	0	0	0	0	0	0	0
 Paludibacter	149	27	96	246	158	44	201	629	320	297	190	86	121	44	443	28	103	22	269	167	344	120	738	140	42	196	212	246	459	371	490	1097	294	211	368	644	430	212	715	108	442	228	448	2834	499	99	31	200	192	339	759	338	57	372	103	332	291	222	311	246	254	58	709	149	358	921	463	38	777	396	340	734	621	324	248	553	997	736	114	186	437	193	395	9	209	571	317	637	633	81	62	299	160	155	173	668	1021	325	234	111
 Bacteroides	0	0	0	0	0	0	0	0	0	0	0	0	0	0	0	0	0	0	0	0	0	0	0	0	0	0	0	0	0	0	0	0	0	0	0	0	4	0	0	0	0	0	0	0	0	0	0	0	0	0	5	0	0	0	0	0	0	0	0	4	5	0	0	0	0	0	0	0	7	0	0	0	0	0	0	0	0	0	0	2	0	0	0	0	0	0	0	0	0	0	0	0	0	0	0	0	3	0	0	0
 Delftia	0	0	0	0	0	0	0	0	0	0	0	0	0	0	0	0	0	0	0	0	0	0	0	0	0	0	0	0	0	0	0	0	0	0	0	0	0	0	0	0	0	0	0	0	0	0	0	0	0	0	0	0	0	0	0	0	0	0	0	0	0	0	4	0	3	0	3	0	0	0	0	0	0	0	0	0	0	0	0	0	0	0	0	0	0	0	0	0	0	0	0	0	0	0	0	0	0	0	0	0
 SMB53	18	50	0	22	44	92	18	27	21	15	17	19	20	7	0	0	0	0	0	0	0	0	0	10	0	0	0	0	0	0	0	0	0	0	73	0	0	20	0	0	0	0	0	0	0	29	15	0	0	0	8	0	0	0	0	0	47	0	0	0	0	0	0	0	0	0	0	0	0	0	0	0	0	0	0	0	0	0	14	0	0	0	0	0	0	0	0	0	0	14	4	0	0	0	0	0	0	0	0	0
 Streptomyces	0	0	0	0	0	0	0	0	0	0	0	0	0	0	0	0	0	0	0	0	0	0	0	0	0	0	0	0	0	0	0	0	0	0	0	0	9	0	5	0	0	0	0	9	0	0	0	0	0	0	7	0	0	0	0	0	0	0	0	0	0	0	0	0	0	0	0	0	0	0	0	0	0	0	0	0	0	0	0	0	0	0	0	0	0	0	0	0	0	0	0	0	0	0	0	0	0	0	0	0
 Dietzia	0	0	0	24	9	17	4	0	0	0	8	16	6	9	0	0	0	0	0	0	0	0	0	15	0	0	0	0	0	0	0	0	0	0	46	0	0	0	0	0	0	0	0	0	0	20	0	0	0	0	0	0	0	0	0	0	84	0	0	0	0	0	0	0	0	0	0	9	0	0	0	0	0	0	0	0	0	0	13	0	0	0	0	0	0	0	0	0	0	0	0	0	0	0	0	0	0	0	0	0
 Thermocrispum	0	0	0	0	5	0	0	0	0	0	0	0	0	0	0	0	0	0	0	0	0	0	0	0	0	0	0	0	0	0	0	0	0	0	0	0	0	0	0	0	0	0	0	0	0	0	0	0	0	0	0	0	0	0	0	0	6	0	0	0	0	0	0	0	0	0	0	0	0	0	0	0	0	0	0	0	0	0	0	0	0	0	0	0	0	0	0	0	0	0	0	0	0	0	0	0	0	0	0	0
 Rummeliibacillus	0	0	0	27	0	27	29	0	0	0	19	0	0	9	0	0	0	0	0	0	0	0	0	89	0	0	0	0	0	0	0	0	0	0	19	0	0	0	0	0	0	0	0	0	0	23	0	0	0	0	0	0	0	0	0	0	16	0	0	0	0	0	0	0	0	0	0	0	0	0	0	0	0	0	0	0	0	0	0	0	0	0	0	0	0	0	0	0	0	52	0	0	0	0	0	0	0	0	0	0
 Blautia	75	84	0	170	73	65	77	62	78	24	144	49	84	30	205	349	69	56	95	310	144	96	0	101	75	35	121	29	203	118	148	310	236	56	153	306	144	410	227	127	135	67	27	95	11	53	61	99	154	155	329	92	0	47	16	81	52	13	19	50	215	6	64	84	75	94	64	23	194	39	19	105	51	78	260	242	196	20	76	199	43	43	111	45	89	609	127	106	224	14	91	113	36	99	18	205	250	141	173	701
 Tannerella	0	0	0	0	0	0	0	0	0	0	0	0	0	0	0	0	0	0	0	0	0	0	0	0	0	0	0	0	0	0	0	0	0	0	0	0	0	0	0	6	0	0	0	0	0	0	0	0	0	3	0	0	0	0	0	0	0	0	0	0	0	0	0	0	0	0	0	0	0	0	0	0	0	0	0	0	0	0	0	0	0	0	0	0	0	0	0	0	0	0	0	0	0	0	0	0	0	0	0	0
 Lysinibacillus	0	0	0	132	47	69	0	0	0	19	124	0	0	33	0	0	0	0	0	0	0	0	0	280	0	0	0	0	0	0	0	0	0	0	34	0	0	0	0	0	0	0	0	0	0	160	0	0	0	0	0	0	0	0	0	0	76	0	0	0	0	0	0	0	0	0	0	90	0	0	0	0	0	0	0	0	0	0	35	0	0	0	0	0	0	0	0	0	0	79	0	0	0	0	0	0	0	0	0	0
 Oceanobacillus	0	0	0	0	5	7	0	0	0	0	4	0	0	5	0	0	0	0	0	0	9	0	0	0	0	0	0	0	0	8	0	0	0	5	0	0	0	0	0	12	0	0	0	0	0	0	0	0	0	0	0	0	0	0	0	0	0	0	0	0	0	0	0	0	0	0	0	0	0	0	0	0	16	14	0	11	4	0	0	0	0	0	0	0	0	0	0	0	0	0	0	0	0	8	0	0	0	0	0	0
 Psychrobacter	0	0	0	0	0	0	0	0	13	11	4	0	0	0	0	0	0	0	0	0	0	2	6	6	0	6	9	0	0	6	7	7	0	0	0	6	7	0	0	0	7	0	0	0	8	0	0	0	8	10	14	5	0	3	0	3	0	0	0	0	0	0	12	0	3	0	3	2	7	4	4	0	15	10	0	0	0	0	0	6	0	0	0	0	0	0	6	6	0	0	0	0	0	0	0	7	0	0	0	0
 Staphylococcus	0	0	0	14	15	0	0	0	0	0	0	0	0	0	0	0	0	0	0	0	0	0	0	0	0	0	0	0	0	0	0	0	0	0	0	0	0	0	0	0	0	0	0	0	0	0	0	0	0	0	0	0	0	0	0	0	0	0	0	0	0	0	0	0	0	0	0	0	0	0	0	0	0	0	0	0	0	0	0	0	0	0	0	0	0	0	0	0	0	0	0	0	0	0	0	0	0	0	0	0
 Anaeroplasma	9	40	5	138	40	33	0	25	28	27	50	5	20	16	64	116	180	58	64	131	93	66	124	14	17	40	153	9	81	54	167	134	109	67	74	144	152	350	135	172	96	14	30	81	83	4	73	110	140	163	363	39	10	44	4	74	21	62	0	7	57	13	0	10	33	8	39	0	39	6	6	70	11	18	28	118	15	18	25	68	8	7	9	40	40	157	4	0	44	0	0	14	0	12	0	12	27	15	0	45
 Roseburia	108	179	86	273	361	179	86	138	160	121	181	169	111	143	251	246	392	224	267	279	291	214	151	146	200	259	392	169	334	158	415	459	321	303	446	365	225	476	451	341	390	146	118	263	292	113	191	309	306	389	559	256	54	43	75	216	128	123	96	110	425	219	406	228	335	154	318	89	745	285	136	327	211	338	163	594	216	173	102	335	232	163	206	249	467	814	432	242	509	112	223	177	249	557	117	408	614	333	317	878
 Pseudomonas	0	0	0	17	22	13	5	24	8	18	21	8	0	0	8	6	8	4	12	6	10	0	15	13	8	11	16	9	11	32	17	0	12	7	19	25	8	26	16	35	18	14	8	30	0	6	12	14	29	22	63	16	0	12	0	15	9	4	0	0	0	16	15	0	0	0	14	0	0	7	11	17	16	29	13	15	0	10	0	9	0	0	0	0	2	0	7	24	0	0	0	0	5	4	4	17	0	0	0	9
 CF231	211	236	53	440	277	294	116	244	168	279	447	198	275	178	602	626	837	443	490	503	613	498	715	280	394	276	494	346	815	471	1115	793	618	593	559	1088	938	1765	1630	1306	773	574	541	981	476	159	648	515	658	666	1635	420	207	355	197	580	330	386	190	408	979	616	581	333	539	395	511	207	978	455	290	830	357	439	595	956	749	258	89	384	138	256	233	346	562	593	356	532	735	159	217	200	203	559	237	1299	844	366	451	1719
 Agrobacterium	0	0	0	0	0	0	0	0	0	0	0	0	0	0	0	0	0	2	0	0	0	0	0	0	0	0	0	0	0	0	0	0	0	0	0	0	0	0	0	0	0	0	0	0	0	0	0	0	0	0	0	0	0	0	0	0	0	0	0	0	0	0	0	0	0	0	0	0	0	0	4	10	0	0	0	0	0	0	0	0	0	0	0	0	0	0	0	0	0	0	0	3	0	0	0	0	0	0	0	0
 [Prevotella]	326	33	37	81	24	521	170	61	76	102	114	85	60	102	303	160	133	331	106	99	313	45	77	145	173	8	67	223	487	147	178	165	144	124	76	519	689	611	918	595	57	281	153	372	91	31	371	20	93	218	1011	128	223	81	32	278	65	101	114	411	157	891	300	79	415	199	173	73	565	223	133	1016	422	287	106	317	659	244	64	128	184	234	229	214	120	468	1421	993	539	21	49	151	99	488	482	1458	488	335	245	637
 Sphingomonas	23	0	6	21	27	15	18	33	37	32	30	23	12	34	17	0	20	18	26	19	24	19	10	25	19	20	24	19	25	34	36	13	24	12	20	40	9	56	94	14	18	34	13	34	15	151	21	0	21	59	57	30	8	16	0	18	29	16	3	13	19	14	41	12	25	23	17	9	67	19	6	37	28	29	15	21	13	31	5	17	0	10	15	6	10	18	14	22	29	8	0	7	7	80	5	26	36	13	9	43
 Enhydrobacter	0	0	0	0	0	0	0	0	0	0	0	0	3	0	0	0	0	0	0	0	0	0	0	0	0	0	0	0	0	0	0	0	0	0	0	0	0	0	3	0	0	0	0	0	0	0	0	0	0	0	0	0	0	0	0	0	0	0	0	0	0	0	0	0	0	3	0	0	0	0	0	0	0	0	0	0	0	0	0	0	0	0	0	0	0	0	0	0	0	0	0	0	0	0	0	0	0	0	0	0
 Rhodococcus	0	0	0	0	11	0	0	0	0	0	0	0	0	0	0	0	0	0	0	0	0	0	0	0	0	0	0	3	0	4	0	0	0	0	6	12	0	0	6	11	0	7	0	0	0	0	0	0	5	0	0	0	0	0	0	0	0	0	0	0	0	0	0	0	0	12	0	0	0	0	0	0	0	0	0	0	0	0	0	0	0	0	0	0	0	0	0	0	0	0	0	0	0	0	0	0	0	0	0	0
 Clostridium	0	0	0	0	85	70	0	40	0	0	83	0	0	48	20	22	44	23	28	31	0	32	23	0	0	22	26	14	84	24	19	124	25	21	0	23	79	66	116	54	63	23	23	43	57	0	34	25	36	54	27	0	0	196	0	21	20	28	0	0	42	14	18	0	26	0	34	0	60	0	18	14	0	0	0	28	0	0	0	0	0	0	0	0	27	21	18	0	33	0	0	0	0	0	0	12	0	0	0	15
 Acinetobacter	6	3	0	0	8	13	0	0	0	0	0	0	0	0	0	0	0	0	0	0	0	0	0	10	0	0	0	0	0	0	0	0	0	0	8	0	0	0	0	0	0	0	0	0	0	9	0	0	0	0	0	0	0	0	0	0	6	0	0	0	0	0	0	0	13	0	0	0	0	0	0	0	0	0	0	0	0	0	0	0	0	0	0	0	0	0	0	0	0	0	0	0	0	0	0	0	0	0	0	0
 Bacillus	10	16	0	42	34	25	31	34	51	29	31	31	0	8	9	11	27	10	29	15	22	9	24	14	9	21	17	0	34	38	15	41	0	17	26	36	12	24	54	44	42	7	17	52	21	6	3	27	42	69	73	14	7	23	0	25	38	7	7	0	5	7	36	17	17	33	29	6	44	24	12	28	15	54	12	40	11	18	9	45	8	0	6	7	4	0	0	14	17	0	5	0	7	23	0	33	8	5	0	9
 Treponema	1995	2735	131	4529	3996	3091	3349	5971	4093	5776	2881	2308	2179	2595	1781	2282	3502	1805	2079	1760	2082	2564	1998	3325	1156	1947	2683	1237	2732	2180	5551	5176	3606	2087	5790	2658	4493	5639	5203	4006	3248	1433	1947	3613	4166	1851	1425	2297	2625	3884	6481	1793	1435	2527	787	2476	1599	1696	328	667	2061	1404	1982	911	1194	1342	1756	766	2603	1027	964	2337	805	1409	1567	2586	1323	649	1381	1758	279	362	457	946	1248	2744	1195	1440	1869	1980	655	342	674	1172	453	2318	1714	443	484	2250
 Flexispira	0	0	0	0	0	0	0	0	0	0	0	0	0	0	0	0	0	0	0	4	0	0	0	0	0	0	0	0	0	0	0	3	0	0	0	0	0	0	0	0	0	0	0	0	0	0	0	0	0	0	0	0	0	0	0	0	0	0	0	0	0	0	0	0	0	0	0	0	0	0	0	0	0	0	0	0	0	0	0	0	0	0	0	0	0	0	0	0	0	0	0	0	0	0	0	0	8	0	0	0
 Syntrophomonas	7	0	0	10	12	12	8	15	0	15	13	6	5	0	4	0	10	0	0	0	7	0	2	6	0	0	9	0	5	10	4	5	0	0	37	0	6	0	0	3	0	0	0	0	5	14	0	0	0	3	6	0	6	0	0	0	26	0	0	11	5	0	0	0	0	6	0	0	0	6	8	0	2	10	0	0	0	0	7	0	0	4	16	0	0	3	0	0	0	6	0	2	8	5	0	0	2	4	0	7
 Faecalibacterium	16	14	0	7	0	12	8	0	9	0	20	0	0	8	0	8	11	0	9	92	19	6	14	0	0	13	16	0	9	19	25	17	15	19	8	35	0	30	40	17	16	38	4	19	18	0	14	19	33	7	46	9	0	12	0	11	0	0	0	0	5	0	0	11	18	0	14	0	0	0	0	0	0	0	11	30	11	0	0	0	4	0	0	0	0	77	0	0	19	0	0	0	9	0	0	0	0	10	11	88
 Saccharopolyspora	8	0	0	17	33	21	0	0	0	7	8	5	4	0	0	0	0	0	0	0	0	0	0	13	0	0	0	0	0	0	0	0	0	0	15	0	0	0	0	0	0	0	0	0	0	22	0	0	0	0	0	0	0	0	0	0	39	0	0	0	0	0	0	0	0	0	0	0	0	0	0	0	0	0	0	0	0	0	0	0	0	0	0	0	0	0	0	0	0	0	0	0	0	0	0	0	0	0	0	0
 Butyricicoccus	0	0	0	0	0	0	0	0	0	0	0	0	0	0	0	0	0	0	0	18	0	0	0	0	11	0	14	0	0	16	8	17	18	0	0	0	6	5	5	0	0	0	0	0	0	0	0	0	0	5	12	0	0	0	0	0	0	0	0	0	0	0	0	0	9	0	0	0	10	0	0	14	9	0	39	5	12	0	0	0	0	0	0	0	17	0	11	0	0	0	0	0	3	0	0	10	0	13	0	0
 Pseudoramibacter_Eubacterium	0	0	8	8	34	18	0	16	0	8	0	7	15	10	21	0	25	12	62	12	17	11	135	0	6	17	73	28	22	72	8	51	8	9	41	157	68	58	115	48	42	13	25	214	58	0	37	24	9	53	89	28	9	0	0	22	83	0	11	37	17	138	86	0	91	66	33	6	19	12	35	45	49	71	0	17	75	60	0	44	17	12	31	0	14	0	77	17	43	0	0	13	7	37	7	46	6	5	13	0
 Anaerovorax	0	0	0	0	0	0	0	0	0	0	0	0	0	0	0	0	0	0	0	0	0	0	0	0	0	0	0	0	0	0	0	0	0	0	0	0	0	0	0	0	0	0	0	0	0	0	0	0	4	6	0	0	0	0	0	0	0	0	0	0	6	0	0	0	0	9	0	0	0	0	0	5	0	0	0	0	0	0	0	6	0	7	0	6	4	11	0	6	14	0	0	0	0	10	0	10	0	0	0	10
 Anaerofustis	44	0	0	28	9	41	28	33	44	72	0	0	0	14	7	0	0	0	0	0	0	21	0	6	10	0	14	0	3	6	16	12	16	3	0	10	13	0	0	0	0	5	0	19	0	0	0	0	0	11	0	0	0	0	0	0	0	5	0	0	9	0	14	9	0	5	5	5	24	13	0	5	14	5	0	12	14	12	0	0	0	0	3	0	0	23	2	16	5	0	0	0	0	0	0	0	5	0	11	19
 Gordonia	0	26	0	133	76	92	11	0	24	27	37	19	33	9	0	0	0	0	0	0	0	0	0	54	0	0	0	0	0	0	0	0	0	0	83	0	0	0	0	0	0	0	0	0	0	99	0	0	0	0	0	0	0	0	0	0	166	0	0	0	0	0	0	0	0	0	0	25	0	0	0	0	0	0	0	0	0	0	37	0	0	0	0	0	0	0	0	0	0	25	0	0	0	0	0	0	0	0	0	0
 Myroides	0	0	0	0	0	3	0	5	0	0	4	0	0	6	0	0	0	3	0	0	0	0	0	0	0	0	0	0	3	0	0	0	0	0	9	0	3	7	8	7	8	0	0	0	0	0	0	0	0	0	13	0	0	0	0	6	3	0	0	0	0	0	0	0	0	4	0	0	0	0	9	0	8	8	0	0	0	6	0	0	0	0	0	0	0	0	0	0	0	3	0	0	0	0	0	0	0	0	0	5
 Lactococcus	0	8	0	33	24	15	6	3	22	27	14	6	0	0	10	11	18	7	17	15	13	0	10	19	7	11	22	0	8	23	19	30	20	10	20	19	13	23	30	30	19	8	9	21	30	0	0	15	34	31	63	13	0	5	0	20	12	7	0	0	9	11	0	0	9	9	16	5	34	7	11	21	14	18	4	23	11	15	0	16	0	0	0	0	0	6	0	6	1	0	0	0	2	0	0	0	9	0	1	5
 Epulopiscium	46	83	0	30	47	70	35	24	56	11	0	27	0	25	0	0	0	0	0	0	0	0	0	38	0	0	0	0	0	0	0	0	0	0	70	0	0	0	0	0	0	0	0	0	0	42	0	0	0	0	0	0	0	0	0	0	59	0	0	0	0	0	0	0	0	0	0	0	0	0	0	0	0	0	0	0	0	0	34	0	0	0	0	0	0	0	0	0	0	16	0	0	0	0	0	0	0	0	0	0
 Sarcina	0	0	0	0	0	0	27	0	0	15	0	0	0	0	8	64	20	82	89	23	48	27	52	0	37	26	21	29	42	40	17	18	8	0	15	86	0	0	0	0	38	19	0	142	0	0	31	0	15	0	48	0	0	0	0	0	64	0	40	7	35	25	49	0	43	57	0	10	82	68	14	42	106	58	13	29	30	19	0	32	19	33	9	0	36	21	46	130	82	0	127	21	16	41	17	43	53	0	0	134
